GO-term,TAS_stat (-log10 pvalue),CAD_stat (-log10 pvalue),Diff (TAS-CAD),Link
GOBP_DEPHOSPHORYLATION,6.512106525,NA,#VALUE!,http://www.gsea-msigdb.org/gsea/msigdb/human/geneset/GOBP_DEPHOSPHORYLATION
GOBP_POSITIVE_REGULATION_OF_RESPONSE_TO_DNA_DAMAGE_STIMULUS,5.882744323,NA,#VALUE!,http://www.gsea-msigdb.org/gsea/msigdb/human/geneset/GOBP_POSITIVE_REGULATION_OF_RESPONSE_TO_DNA_DAMAGE_STIMULUS
GOBP_PATTERN_SPECIFICATION_PROCESS,5.842352305,NA,#VALUE!,http://www.gsea-msigdb.org/gsea/msigdb/human/geneset/GOBP_PATTERN_SPECIFICATION_PROCESS
GOBP_PROTEIN_DEPHOSPHORYLATION,5.697633018,NA,#VALUE!,http://www.gsea-msigdb.org/gsea/msigdb/human/geneset/GOBP_PROTEIN_DEPHOSPHORYLATION
GOBP_MACROAUTOPHAGY,5.296666943,NA,#VALUE!,http://www.gsea-msigdb.org/gsea/msigdb/human/geneset/GOBP_MACROAUTOPHAGY
GOBP_ORGANIC_CYCLIC_COMPOUND_CATABOLIC_PROCESS,5.253628774,NA,#VALUE!,http://www.gsea-msigdb.org/gsea/msigdb/human/geneset/GOBP_ORGANIC_CYCLIC_COMPOUND_CATABOLIC_PROCESS
GOBP_REGULATION_OF_DNA_REPAIR,5.200807862,NA,#VALUE!,http://www.gsea-msigdb.org/gsea/msigdb/human/geneset/GOBP_REGULATION_OF_DNA_REPAIR
GOBP_CELL_CYCLE_G2_M_PHASE_TRANSITION,5.103040393,NA,#VALUE!,http://www.gsea-msigdb.org/gsea/msigdb/human/geneset/GOBP_CELL_CYCLE_G2_M_PHASE_TRANSITION
GOBP_BLASTOCYST_DEVELOPMENT,5.013357164,NA,#VALUE!,http://www.gsea-msigdb.org/gsea/msigdb/human/geneset/GOBP_BLASTOCYST_DEVELOPMENT
GOBP_NEGATIVE_REGULATION_OF_BINDING,4.880968663,NA,#VALUE!,http://www.gsea-msigdb.org/gsea/msigdb/human/geneset/GOBP_NEGATIVE_REGULATION_OF_BINDING
GOBP_EMBRYONIC_ORGAN_MORPHOGENESIS,4.694143571,NA,#VALUE!,http://www.gsea-msigdb.org/gsea/msigdb/human/geneset/GOBP_EMBRYONIC_ORGAN_MORPHOGENESIS
GOBP_DNA_REPLICATION,4.560312738,NA,#VALUE!,http://www.gsea-msigdb.org/gsea/msigdb/human/geneset/GOBP_DNA_REPLICATION
GOBP_INTRACELLULAR_MONOATOMIC_ION_HOMEOSTASIS,4.556720191,NA,#VALUE!,http://www.gsea-msigdb.org/gsea/msigdb/human/geneset/GOBP_INTRACELLULAR_MONOATOMIC_ION_HOMEOSTASIS
GOBP_REGULATION_OF_DOUBLE_STRAND_BREAK_REPAIR,4.556378842,NA,#VALUE!,http://www.gsea-msigdb.org/gsea/msigdb/human/geneset/GOBP_REGULATION_OF_DOUBLE_STRAND_BREAK_REPAIR
GOBP_HETEROCYCLE_CATABOLIC_PROCESS,4.426657583,NA,#VALUE!,http://www.gsea-msigdb.org/gsea/msigdb/human/geneset/GOBP_HETEROCYCLE_CATABOLIC_PROCESS
GOBP_EPITHELIAL_CELL_DIFFERENTIATION,4.413666913,NA,#VALUE!,http://www.gsea-msigdb.org/gsea/msigdb/human/geneset/GOBP_EPITHELIAL_CELL_DIFFERENTIATION
GOBP_DNA_TEMPLATED_DNA_REPLICATION,4.369444875,NA,#VALUE!,http://www.gsea-msigdb.org/gsea/msigdb/human/geneset/GOBP_DNA_TEMPLATED_DNA_REPLICATION
GOBP_LEUKOCYTE_CHEMOTAXIS,4.348700091,NA,#VALUE!,http://www.gsea-msigdb.org/gsea/msigdb/human/geneset/GOBP_LEUKOCYTE_CHEMOTAXIS
GOBP_TUBE_FORMATION,4.140334552,NA,#VALUE!,http://www.gsea-msigdb.org/gsea/msigdb/human/geneset/GOBP_TUBE_FORMATION
GOBP_ANTIFUNGAL_INNATE_IMMUNE_RESPONSE,4.132107247,NA,#VALUE!,http://www.gsea-msigdb.org/gsea/msigdb/human/geneset/GOBP_ANTIFUNGAL_INNATE_IMMUNE_RESPONSE
GOBP_POSITIVE_REGULATION_OF_SIGNAL_TRANSDUCTION_BY_P53_CLASS_MEDIATOR,4.132083062,NA,#VALUE!,http://www.gsea-msigdb.org/gsea/msigdb/human/geneset/GOBP_POSITIVE_REGULATION_OF_SIGNAL_TRANSDUCTION_BY_P53_CLASS_MEDIATOR
GOBP_REGULATION_OF_MRNA_SPLICING_VIA_SPLICEOSOME,4.037632093,NA,#VALUE!,http://www.gsea-msigdb.org/gsea/msigdb/human/geneset/GOBP_REGULATION_OF_MRNA_SPLICING_VIA_SPLICEOSOME
GOBP_REGULATION_OF_CELL_CYCLE_G2_M_PHASE_TRANSITION,4.010943273,NA,#VALUE!,http://www.gsea-msigdb.org/gsea/msigdb/human/geneset/GOBP_REGULATION_OF_CELL_CYCLE_G2_M_PHASE_TRANSITION
GOBP_MORPHOGENESIS_OF_EMBRYONIC_EPITHELIUM,3.992300642,NA,#VALUE!,http://www.gsea-msigdb.org/gsea/msigdb/human/geneset/GOBP_MORPHOGENESIS_OF_EMBRYONIC_EPITHELIUM
GOBP_CENTRIOLE_ASSEMBLY,3.955381997,NA,#VALUE!,http://www.gsea-msigdb.org/gsea/msigdb/human/geneset/GOBP_CENTRIOLE_ASSEMBLY
GOBP_REGULATION_OF_DEPHOSPHORYLATION,3.933983486,NA,#VALUE!,http://www.gsea-msigdb.org/gsea/msigdb/human/geneset/GOBP_REGULATION_OF_DEPHOSPHORYLATION
GOBP_INORGANIC_ION_HOMEOSTASIS,3.92818415,NA,#VALUE!,http://www.gsea-msigdb.org/gsea/msigdb/human/geneset/GOBP_INORGANIC_ION_HOMEOSTASIS
GOBP_MAMMARY_GLAND_MORPHOGENESIS,3.924395744,NA,#VALUE!,http://www.gsea-msigdb.org/gsea/msigdb/human/geneset/GOBP_MAMMARY_GLAND_MORPHOGENESIS
GOBP_NEGATIVE_REGULATION_OF_PROTEIN_DEPHOSPHORYLATION,3.902566374,NA,#VALUE!,http://www.gsea-msigdb.org/gsea/msigdb/human/geneset/GOBP_NEGATIVE_REGULATION_OF_PROTEIN_DEPHOSPHORYLATION
GOBP_REGULATION_OF_CHONDROCYTE_DIFFERENTIATION,3.869202919,NA,#VALUE!,http://www.gsea-msigdb.org/gsea/msigdb/human/geneset/GOBP_REGULATION_OF_CHONDROCYTE_DIFFERENTIATION
GOBP_POSITIVE_REGULATION_OF_PEPTIDASE_ACTIVITY,3.835631536,NA,#VALUE!,http://www.gsea-msigdb.org/gsea/msigdb/human/geneset/GOBP_POSITIVE_REGULATION_OF_PEPTIDASE_ACTIVITY
GOBP_EPITHELIAL_TUBE_FORMATION,3.816736422,NA,#VALUE!,http://www.gsea-msigdb.org/gsea/msigdb/human/geneset/GOBP_EPITHELIAL_TUBE_FORMATION
GOBP_BEHAVIORAL_RESPONSE_TO_NICOTINE,3.805610136,NA,#VALUE!,http://www.gsea-msigdb.org/gsea/msigdb/human/geneset/GOBP_BEHAVIORAL_RESPONSE_TO_NICOTINE
GOBP_KINETOCHORE_ASSEMBLY,3.790828234,NA,#VALUE!,http://www.gsea-msigdb.org/gsea/msigdb/human/geneset/GOBP_KINETOCHORE_ASSEMBLY
GOBP_THYROID_GLAND_DEVELOPMENT,3.750931821,NA,#VALUE!,http://www.gsea-msigdb.org/gsea/msigdb/human/geneset/GOBP_THYROID_GLAND_DEVELOPMENT
GOBP_MITOCHONDRIAL_GENE_EXPRESSION,3.690523053,NA,#VALUE!,http://www.gsea-msigdb.org/gsea/msigdb/human/geneset/GOBP_MITOCHONDRIAL_GENE_EXPRESSION
GOBP_REGULATION_OF_DNA_BINDING,3.632975282,NA,#VALUE!,http://www.gsea-msigdb.org/gsea/msigdb/human/geneset/GOBP_REGULATION_OF_DNA_BINDING
GOBP_MYELOID_LEUKOCYTE_MEDIATED_IMMUNITY,3.619411054,NA,#VALUE!,http://www.gsea-msigdb.org/gsea/msigdb/human/geneset/GOBP_MYELOID_LEUKOCYTE_MEDIATED_IMMUNITY
GOBP_RRNA_METABOLIC_PROCESS,3.608630223,NA,#VALUE!,http://www.gsea-msigdb.org/gsea/msigdb/human/geneset/GOBP_RRNA_METABOLIC_PROCESS
GOBP_POSITIVE_REGULATION_OF_CYTOKINE_PRODUCTION_INVOLVED_IN_INFLAMMATORY_RESPONSE,3.602937487,NA,#VALUE!,http://www.gsea-msigdb.org/gsea/msigdb/human/geneset/GOBP_POSITIVE_REGULATION_OF_CYTOKINE_PRODUCTION_INVOLVED_IN_INFLAMMATORY_RESPONSE
GOBP_ACTIVATION_OF_CYSTEINE_TYPE_ENDOPEPTIDASE_ACTIVITY_INVOLVED_IN_APOPTOTIC_PROCESS,3.582856177,NA,#VALUE!,http://www.gsea-msigdb.org/gsea/msigdb/human/geneset/GOBP_ACTIVATION_OF_CYSTEINE_TYPE_ENDOPEPTIDASE_ACTIVITY_INVOLVED_IN_APOPTOTIC_PROCESS
GOBP_CENTROMERE_COMPLEX_ASSEMBLY,3.577457253,NA,#VALUE!,http://www.gsea-msigdb.org/gsea/msigdb/human/geneset/GOBP_CENTROMERE_COMPLEX_ASSEMBLY
GOBP_AMINO_ACID_METABOLIC_PROCESS,3.568630939,NA,#VALUE!,http://www.gsea-msigdb.org/gsea/msigdb/human/geneset/GOBP_AMINO_ACID_METABOLIC_PROCESS
GOBP_VESICLE_DOCKING,3.541596625,NA,#VALUE!,http://www.gsea-msigdb.org/gsea/msigdb/human/geneset/GOBP_VESICLE_DOCKING
GOBP_DENDRITIC_CELL_DIFFERENTIATION,3.530267496,NA,#VALUE!,http://www.gsea-msigdb.org/gsea/msigdb/human/geneset/GOBP_DENDRITIC_CELL_DIFFERENTIATION
GOBP_MESENCHYMAL_CELL_PROLIFERATION,3.487074269,NA,#VALUE!,http://www.gsea-msigdb.org/gsea/msigdb/human/geneset/GOBP_MESENCHYMAL_CELL_PROLIFERATION
GOBP_RESPONSE_TO_FUNGUS,3.475680735,NA,#VALUE!,http://www.gsea-msigdb.org/gsea/msigdb/human/geneset/GOBP_RESPONSE_TO_FUNGUS
GOBP_KINETOCHORE_ORGANIZATION,3.460181953,NA,#VALUE!,http://www.gsea-msigdb.org/gsea/msigdb/human/geneset/GOBP_KINETOCHORE_ORGANIZATION
GOBP_REGULATION_OF_RESPIRATORY_SYSTEM_PROCESS,3.447399715,NA,#VALUE!,http://www.gsea-msigdb.org/gsea/msigdb/human/geneset/GOBP_REGULATION_OF_RESPIRATORY_SYSTEM_PROCESS
GOBP_POSITIVE_REGULATION_OF_HETEROTYPIC_CELL_CELL_ADHESION,3.447399715,NA,#VALUE!,http://www.gsea-msigdb.org/gsea/msigdb/human/geneset/GOBP_POSITIVE_REGULATION_OF_HETEROTYPIC_CELL_CELL_ADHESION
GOBP_QUINOLINATE_METABOLIC_PROCESS,3.428150987,NA,#VALUE!,http://www.gsea-msigdb.org/gsea/msigdb/human/geneset/GOBP_QUINOLINATE_METABOLIC_PROCESS
GOBP_PHAGOCYTOSIS_ENGULFMENT,3.408970484,NA,#VALUE!,http://www.gsea-msigdb.org/gsea/msigdb/human/geneset/GOBP_PHAGOCYTOSIS_ENGULFMENT
GOBP_MAMMARY_GLAND_INVOLUTION,3.383179031,NA,#VALUE!,http://www.gsea-msigdb.org/gsea/msigdb/human/geneset/GOBP_MAMMARY_GLAND_INVOLUTION
GOBP_ENDOTHELIAL_CELL_MORPHOGENESIS,3.383179031,NA,#VALUE!,http://www.gsea-msigdb.org/gsea/msigdb/human/geneset/GOBP_ENDOTHELIAL_CELL_MORPHOGENESIS
GOBP_NEGATIVE_REGULATION_OF_MACROPHAGE_CYTOKINE_PRODUCTION,3.381518415,NA,#VALUE!,http://www.gsea-msigdb.org/gsea/msigdb/human/geneset/GOBP_NEGATIVE_REGULATION_OF_MACROPHAGE_CYTOKINE_PRODUCTION
GOBP_POSITIVE_REGULATION_OF_MITOTIC_CELL_CYCLE,3.371454186,NA,#VALUE!,http://www.gsea-msigdb.org/gsea/msigdb/human/geneset/GOBP_POSITIVE_REGULATION_OF_MITOTIC_CELL_CYCLE
GOBP_RESPONSE_TO_DEXAMETHASONE,3.359967897,NA,#VALUE!,http://www.gsea-msigdb.org/gsea/msigdb/human/geneset/GOBP_RESPONSE_TO_DEXAMETHASONE
GOBP_ALPHA_AMINO_ACID_METABOLIC_PROCESS,3.342360905,NA,#VALUE!,http://www.gsea-msigdb.org/gsea/msigdb/human/geneset/GOBP_ALPHA_AMINO_ACID_METABOLIC_PROCESS
GOBP_PROTEIN_DNA_COMPLEX_SUBUNIT_ORGANIZATION,3.321357168,NA,#VALUE!,http://www.gsea-msigdb.org/gsea/msigdb/human/geneset/GOBP_PROTEIN_DNA_COMPLEX_SUBUNIT_ORGANIZATION
GOBP_ORGANIC_ACID_BIOSYNTHETIC_PROCESS,3.319672175,NA,#VALUE!,http://www.gsea-msigdb.org/gsea/msigdb/human/geneset/GOBP_ORGANIC_ACID_BIOSYNTHETIC_PROCESS
GOBP_MITOCHONDRIAL_TRANSLATION,3.306513582,NA,#VALUE!,http://www.gsea-msigdb.org/gsea/msigdb/human/geneset/GOBP_MITOCHONDRIAL_TRANSLATION
GOBP_POSITIVE_REGULATION_OF_ADAPTIVE_IMMUNE_RESPONSE,3.289481281,NA,#VALUE!,http://www.gsea-msigdb.org/gsea/msigdb/human/geneset/GOBP_POSITIVE_REGULATION_OF_ADAPTIVE_IMMUNE_RESPONSE
GOBP_EPITHELIAL_CELL_APOPTOTIC_PROCESS,3.282427726,NA,#VALUE!,http://www.gsea-msigdb.org/gsea/msigdb/human/geneset/GOBP_EPITHELIAL_CELL_APOPTOTIC_PROCESS
GOBP_MEMBRANE_INVAGINATION,3.274523331,NA,#VALUE!,http://www.gsea-msigdb.org/gsea/msigdb/human/geneset/GOBP_MEMBRANE_INVAGINATION
GOBP_HETEROTYPIC_CELL_CELL_ADHESION,3.274523331,NA,#VALUE!,http://www.gsea-msigdb.org/gsea/msigdb/human/geneset/GOBP_HETEROTYPIC_CELL_CELL_ADHESION
GOBP_ORGANELLE_MEMBRANE_FUSION,3.27378733,NA,#VALUE!,http://www.gsea-msigdb.org/gsea/msigdb/human/geneset/GOBP_ORGANELLE_MEMBRANE_FUSION
GOBP_AMINE_METABOLIC_PROCESS,3.259602743,NA,#VALUE!,http://www.gsea-msigdb.org/gsea/msigdb/human/geneset/GOBP_AMINE_METABOLIC_PROCESS
GOBP_TRANSCRIPTION_INITIATION_COUPLED_CHROMATIN_REMODELING,3.252817997,NA,#VALUE!,http://www.gsea-msigdb.org/gsea/msigdb/human/geneset/GOBP_TRANSCRIPTION_INITIATION_COUPLED_CHROMATIN_REMODELING
GOBP_REGULATION_OF_MITOCHONDRIAL_MEMBRANE_POTENTIAL,3.251357395,NA,#VALUE!,http://www.gsea-msigdb.org/gsea/msigdb/human/geneset/GOBP_REGULATION_OF_MITOCHONDRIAL_MEMBRANE_POTENTIAL
GOBP_MEMBRANE_DOCKING,3.2198845,NA,#VALUE!,http://www.gsea-msigdb.org/gsea/msigdb/human/geneset/GOBP_MEMBRANE_DOCKING
GOBP_REGULATION_OF_MYELOID_LEUKOCYTE_MEDIATED_IMMUNITY,3.205107633,NA,#VALUE!,http://www.gsea-msigdb.org/gsea/msigdb/human/geneset/GOBP_REGULATION_OF_MYELOID_LEUKOCYTE_MEDIATED_IMMUNITY
GOBP_NEGATIVE_REGULATION_OF_CARBOHYDRATE_METABOLIC_PROCESS,3.179920163,NA,#VALUE!,http://www.gsea-msigdb.org/gsea/msigdb/human/geneset/GOBP_NEGATIVE_REGULATION_OF_CARBOHYDRATE_METABOLIC_PROCESS
GOBP_DEFENSE_RESPONSE_TO_FUNGUS,3.179920163,NA,#VALUE!,http://www.gsea-msigdb.org/gsea/msigdb/human/geneset/GOBP_DEFENSE_RESPONSE_TO_FUNGUS
GOBP_NEURON_CELLULAR_HOMEOSTASIS,3.178495231,NA,#VALUE!,http://www.gsea-msigdb.org/gsea/msigdb/human/geneset/GOBP_NEURON_CELLULAR_HOMEOSTASIS
GOBP_REGULATION_OF_MACROAUTOPHAGY,3.177234946,NA,#VALUE!,http://www.gsea-msigdb.org/gsea/msigdb/human/geneset/GOBP_REGULATION_OF_MACROAUTOPHAGY
GOBP_PEPTIDYL_LYSINE_ACETYLATION,3.174914946,NA,#VALUE!,http://www.gsea-msigdb.org/gsea/msigdb/human/geneset/GOBP_PEPTIDYL_LYSINE_ACETYLATION
GOBP_RENAL_TUBULE_DEVELOPMENT,3.15507089,NA,#VALUE!,http://www.gsea-msigdb.org/gsea/msigdb/human/geneset/GOBP_RENAL_TUBULE_DEVELOPMENT
GOBP_VASCULOGENESIS,3.140101853,NA,#VALUE!,http://www.gsea-msigdb.org/gsea/msigdb/human/geneset/GOBP_VASCULOGENESIS
GOBP_EXTRINSIC_APOPTOTIC_SIGNALING_PATHWAY_VIA_DEATH_DOMAIN_RECEPTORS,3.140101853,NA,#VALUE!,http://www.gsea-msigdb.org/gsea/msigdb/human/geneset/GOBP_EXTRINSIC_APOPTOTIC_SIGNALING_PATHWAY_VIA_DEATH_DOMAIN_RECEPTORS
GOBP_POSITIVE_REGULATION_OF_REPRODUCTIVE_PROCESS,3.140101853,NA,#VALUE!,http://www.gsea-msigdb.org/gsea/msigdb/human/geneset/GOBP_POSITIVE_REGULATION_OF_REPRODUCTIVE_PROCESS
GOBP_RESPONSE_TO_DSRNA,3.137365847,NA,#VALUE!,http://www.gsea-msigdb.org/gsea/msigdb/human/geneset/GOBP_RESPONSE_TO_DSRNA
GOBP_MHC_CLASS_II_BIOSYNTHETIC_PROCESS,3.12259156,NA,#VALUE!,http://www.gsea-msigdb.org/gsea/msigdb/human/geneset/GOBP_MHC_CLASS_II_BIOSYNTHETIC_PROCESS
GOBP_REPLICATION_FORK_PROCESSING,3.121060785,NA,#VALUE!,http://www.gsea-msigdb.org/gsea/msigdb/human/geneset/GOBP_REPLICATION_FORK_PROCESSING
GOBP_RESPONSE_TO_LAMINAR_FLUID_SHEAR_STRESS,3.101276098,NA,#VALUE!,http://www.gsea-msigdb.org/gsea/msigdb/human/geneset/GOBP_RESPONSE_TO_LAMINAR_FLUID_SHEAR_STRESS
GOBP_DICARBOXYLIC_ACID_BIOSYNTHETIC_PROCESS,3.101276098,NA,#VALUE!,http://www.gsea-msigdb.org/gsea/msigdb/human/geneset/GOBP_DICARBOXYLIC_ACID_BIOSYNTHETIC_PROCESS
GOBP_ORGANELLE_FUSION,3.095997778,NA,#VALUE!,http://www.gsea-msigdb.org/gsea/msigdb/human/geneset/GOBP_ORGANELLE_FUSION
GOBP_PLASMA_MEMBRANE_ORGANIZATION,3.094276308,NA,#VALUE!,http://www.gsea-msigdb.org/gsea/msigdb/human/geneset/GOBP_PLASMA_MEMBRANE_ORGANIZATION
GOBP_NEGATIVE_REGULATION_OF_BIOMINERAL_TISSUE_DEVELOPMENT,3.09398821,NA,#VALUE!,http://www.gsea-msigdb.org/gsea/msigdb/human/geneset/GOBP_NEGATIVE_REGULATION_OF_BIOMINERAL_TISSUE_DEVELOPMENT
GOBP_MYELOID_DENDRITIC_CELL_ACTIVATION,3.09398821,NA,#VALUE!,http://www.gsea-msigdb.org/gsea/msigdb/human/geneset/GOBP_MYELOID_DENDRITIC_CELL_ACTIVATION
GOBP_EXIT_FROM_MITOSIS,3.09398821,NA,#VALUE!,http://www.gsea-msigdb.org/gsea/msigdb/human/geneset/GOBP_EXIT_FROM_MITOSIS
GOBP_RESPONSE_TO_INCREASED_OXYGEN_LEVELS,3.093309517,NA,#VALUE!,http://www.gsea-msigdb.org/gsea/msigdb/human/geneset/GOBP_RESPONSE_TO_INCREASED_OXYGEN_LEVELS
GOBP_FATTY_ACID_METABOLIC_PROCESS,3.079046788,NA,#VALUE!,http://www.gsea-msigdb.org/gsea/msigdb/human/geneset/GOBP_FATTY_ACID_METABOLIC_PROCESS
GOBP_ETHANOLAMINE_CONTAINING_COMPOUND_METABOLIC_PROCESS,3.069852276,NA,#VALUE!,http://www.gsea-msigdb.org/gsea/msigdb/human/geneset/GOBP_ETHANOLAMINE_CONTAINING_COMPOUND_METABOLIC_PROCESS
GOBP_CELL_CELL_SIGNALING_BY_WNT,3.069527222,NA,#VALUE!,http://www.gsea-msigdb.org/gsea/msigdb/human/geneset/GOBP_CELL_CELL_SIGNALING_BY_WNT
GOBP_POSITIVE_REGULATION_OF_DOUBLE_STRAND_BREAK_REPAIR,3.061470993,NA,#VALUE!,http://www.gsea-msigdb.org/gsea/msigdb/human/geneset/GOBP_POSITIVE_REGULATION_OF_DOUBLE_STRAND_BREAK_REPAIR
GOBP_MITOTIC_CYTOKINESIS,3.060400306,NA,#VALUE!,http://www.gsea-msigdb.org/gsea/msigdb/human/geneset/GOBP_MITOTIC_CYTOKINESIS
GOBP_REGULATION_OF_UBIQUITIN_PROTEIN_TRANSFERASE_ACTIVITY,3.036245127,NA,#VALUE!,http://www.gsea-msigdb.org/gsea/msigdb/human/geneset/GOBP_REGULATION_OF_UBIQUITIN_PROTEIN_TRANSFERASE_ACTIVITY
GOBP_MACROPHAGE_ACTIVATION,3.027075076,NA,#VALUE!,http://www.gsea-msigdb.org/gsea/msigdb/human/geneset/GOBP_MACROPHAGE_ACTIVATION
GOBP_COLLAGEN_FIBRIL_ORGANIZATION,3.011426993,NA,#VALUE!,http://www.gsea-msigdb.org/gsea/msigdb/human/geneset/GOBP_COLLAGEN_FIBRIL_ORGANIZATION
GOBP_POSITIVE_REGULATION_OF_CELL_CYCLE_PHASE_TRANSITION,2.995632542,NA,#VALUE!,http://www.gsea-msigdb.org/gsea/msigdb/human/geneset/GOBP_POSITIVE_REGULATION_OF_CELL_CYCLE_PHASE_TRANSITION
GOBP_KIDNEY_EPITHELIUM_DEVELOPMENT,2.989080194,NA,#VALUE!,http://www.gsea-msigdb.org/gsea/msigdb/human/geneset/GOBP_KIDNEY_EPITHELIUM_DEVELOPMENT
GOBP_POSITIVE_REGULATION_OF_INTERLEUKIN_1_PRODUCTION,2.985172738,NA,#VALUE!,http://www.gsea-msigdb.org/gsea/msigdb/human/geneset/GOBP_POSITIVE_REGULATION_OF_INTERLEUKIN_1_PRODUCTION
GOBP_REGULATION_OF_DOUBLE_STRAND_BREAK_REPAIR_VIA_HOMOLOGOUS_RECOMBINATION,2.985172738,NA,#VALUE!,http://www.gsea-msigdb.org/gsea/msigdb/human/geneset/GOBP_REGULATION_OF_DOUBLE_STRAND_BREAK_REPAIR_VIA_HOMOLOGOUS_RECOMBINATION
GOBP_REGULATION_OF_EXIT_FROM_MITOSIS,2.982798525,NA,#VALUE!,http://www.gsea-msigdb.org/gsea/msigdb/human/geneset/GOBP_REGULATION_OF_EXIT_FROM_MITOSIS
GOBP_RESPONSE_TO_MACROPHAGE_COLONY_STIMULATING_FACTOR,2.982798525,NA,#VALUE!,http://www.gsea-msigdb.org/gsea/msigdb/human/geneset/GOBP_RESPONSE_TO_MACROPHAGE_COLONY_STIMULATING_FACTOR
GOBP_REGULATION_OF_PROTEIN_DEPHOSPHORYLATION,2.980906485,NA,#VALUE!,http://www.gsea-msigdb.org/gsea/msigdb/human/geneset/GOBP_REGULATION_OF_PROTEIN_DEPHOSPHORYLATION
GOBP_REGULATION_OF_CELL_KILLING,2.977157797,NA,#VALUE!,http://www.gsea-msigdb.org/gsea/msigdb/human/geneset/GOBP_REGULATION_OF_CELL_KILLING
GOBP_GRANULOCYTE_CHEMOTAXIS,2.975472489,NA,#VALUE!,http://www.gsea-msigdb.org/gsea/msigdb/human/geneset/GOBP_GRANULOCYTE_CHEMOTAXIS
GOBP_NEGATIVE_REGULATION_OF_PROTEIN_CATABOLIC_PROCESS,2.960049614,NA,#VALUE!,http://www.gsea-msigdb.org/gsea/msigdb/human/geneset/GOBP_NEGATIVE_REGULATION_OF_PROTEIN_CATABOLIC_PROCESS
GOBP_POSITIVE_REGULATION_OF_MITOTIC_CELL_CYCLE_PHASE_TRANSITION,2.930750347,NA,#VALUE!,http://www.gsea-msigdb.org/gsea/msigdb/human/geneset/GOBP_POSITIVE_REGULATION_OF_MITOTIC_CELL_CYCLE_PHASE_TRANSITION
GOBP_MITOCHONDRIAL_CALCIUM_ION_HOMEOSTASIS,2.928816754,NA,#VALUE!,http://www.gsea-msigdb.org/gsea/msigdb/human/geneset/GOBP_MITOCHONDRIAL_CALCIUM_ION_HOMEOSTASIS
GOBP_B_CELL_RECEPTOR_SIGNALING_PATHWAY,2.919139536,NA,#VALUE!,http://www.gsea-msigdb.org/gsea/msigdb/human/geneset/GOBP_B_CELL_RECEPTOR_SIGNALING_PATHWAY
GOBP_SECRETORY_GRANULE_ORGANIZATION,2.919139536,NA,#VALUE!,http://www.gsea-msigdb.org/gsea/msigdb/human/geneset/GOBP_SECRETORY_GRANULE_ORGANIZATION
GOBP_EMBRYONIC_SKELETAL_SYSTEM_MORPHOGENESIS,2.919074172,NA,#VALUE!,http://www.gsea-msigdb.org/gsea/msigdb/human/geneset/GOBP_EMBRYONIC_SKELETAL_SYSTEM_MORPHOGENESIS
GOBP_ADENYLATE_CYCLASE_MODULATING_G_PROTEIN_COUPLED_RECEPTOR_SIGNALING_PATHWAY,2.91024539,NA,#VALUE!,http://www.gsea-msigdb.org/gsea/msigdb/human/geneset/GOBP_ADENYLATE_CYCLASE_MODULATING_G_PROTEIN_COUPLED_RECEPTOR_SIGNALING_PATHWAY
GOBP_DOUBLE_STRAND_BREAK_REPAIR_VIA_NONHOMOLOGOUS_END_JOINING,2.907243543,NA,#VALUE!,http://www.gsea-msigdb.org/gsea/msigdb/human/geneset/GOBP_DOUBLE_STRAND_BREAK_REPAIR_VIA_NONHOMOLOGOUS_END_JOINING
GOBP_EMBRYONIC_SKELETAL_SYSTEM_DEVELOPMENT,2.893045274,NA,#VALUE!,http://www.gsea-msigdb.org/gsea/msigdb/human/geneset/GOBP_EMBRYONIC_SKELETAL_SYSTEM_DEVELOPMENT
GOBP_NEUTROPHIL_MEDIATED_CYTOTOXICITY,2.855650517,NA,#VALUE!,http://www.gsea-msigdb.org/gsea/msigdb/human/geneset/GOBP_NEUTROPHIL_MEDIATED_CYTOTOXICITY
GOBP_POSITIVE_REGULATION_OF_MHC_CLASS_II_BIOSYNTHETIC_PROCESS,2.855650517,NA,#VALUE!,http://www.gsea-msigdb.org/gsea/msigdb/human/geneset/GOBP_POSITIVE_REGULATION_OF_MHC_CLASS_II_BIOSYNTHETIC_PROCESS
GOBP_GRANULOCYTE_MIGRATION,2.85195163,NA,#VALUE!,http://www.gsea-msigdb.org/gsea/msigdb/human/geneset/GOBP_GRANULOCYTE_MIGRATION
GOBP_BIOGENIC_AMINE_METABOLIC_PROCESS,2.848119719,NA,#VALUE!,http://www.gsea-msigdb.org/gsea/msigdb/human/geneset/GOBP_BIOGENIC_AMINE_METABOLIC_PROCESS
GOBP_PRESYNAPTIC_MODULATION_OF_CHEMICAL_SYNAPTIC_TRANSMISSION,2.844795356,NA,#VALUE!,http://www.gsea-msigdb.org/gsea/msigdb/human/geneset/GOBP_PRESYNAPTIC_MODULATION_OF_CHEMICAL_SYNAPTIC_TRANSMISSION
GOBP_REGULATION_OF_TELOMERE_MAINTENANCE_VIA_TELOMERE_LENGTHENING,2.844070812,NA,#VALUE!,http://www.gsea-msigdb.org/gsea/msigdb/human/geneset/GOBP_REGULATION_OF_TELOMERE_MAINTENANCE_VIA_TELOMERE_LENGTHENING
GOBP_REGULATION_OF_MEIOTIC_CELL_CYCLE,2.82972619,NA,#VALUE!,http://www.gsea-msigdb.org/gsea/msigdb/human/geneset/GOBP_REGULATION_OF_MEIOTIC_CELL_CYCLE
GOBP_PROTEIN_LOCALIZATION_TO_CILIUM,2.822092745,NA,#VALUE!,http://www.gsea-msigdb.org/gsea/msigdb/human/geneset/GOBP_PROTEIN_LOCALIZATION_TO_CILIUM
GOBP_TELOMERE_MAINTENANCE_VIA_TELOMERE_LENGTHENING,2.822023914,NA,#VALUE!,http://www.gsea-msigdb.org/gsea/msigdb/human/geneset/GOBP_TELOMERE_MAINTENANCE_VIA_TELOMERE_LENGTHENING
GOBP_REGULATION_OF_MESENCHYMAL_CELL_PROLIFERATION,2.803997661,NA,#VALUE!,http://www.gsea-msigdb.org/gsea/msigdb/human/geneset/GOBP_REGULATION_OF_MESENCHYMAL_CELL_PROLIFERATION
GOBP_THYMUS_DEVELOPMENT,2.796909294,NA,#VALUE!,http://www.gsea-msigdb.org/gsea/msigdb/human/geneset/GOBP_THYMUS_DEVELOPMENT
GOBP_REGULATION_OF_TELOMERASE_ACTIVITY,2.796909294,NA,#VALUE!,http://www.gsea-msigdb.org/gsea/msigdb/human/geneset/GOBP_REGULATION_OF_TELOMERASE_ACTIVITY
GOBP_RNA_MODIFICATION,2.78698104,NA,#VALUE!,http://www.gsea-msigdb.org/gsea/msigdb/human/geneset/GOBP_RNA_MODIFICATION
GOBP_TRNA_WOBBLE_BASE_MODIFICATION,2.783656659,NA,#VALUE!,http://www.gsea-msigdb.org/gsea/msigdb/human/geneset/GOBP_TRNA_WOBBLE_BASE_MODIFICATION
GOBP_PARAXIAL_MESODERM_DEVELOPMENT,2.783656659,NA,#VALUE!,http://www.gsea-msigdb.org/gsea/msigdb/human/geneset/GOBP_PARAXIAL_MESODERM_DEVELOPMENT
GOBP_RESPONSE_TO_HYPEROXIA,2.783656659,NA,#VALUE!,http://www.gsea-msigdb.org/gsea/msigdb/human/geneset/GOBP_RESPONSE_TO_HYPEROXIA
GOBP_RENAL_WATER_ABSORPTION,2.780335739,NA,#VALUE!,http://www.gsea-msigdb.org/gsea/msigdb/human/geneset/GOBP_RENAL_WATER_ABSORPTION
GOBP_LEUKOCYTE_ADHESION_TO_ARTERIAL_ENDOTHELIAL_CELL,2.780335739,NA,#VALUE!,http://www.gsea-msigdb.org/gsea/msigdb/human/geneset/GOBP_LEUKOCYTE_ADHESION_TO_ARTERIAL_ENDOTHELIAL_CELL
GOBP_REGULATION_OF_NEUTROPHIL_MEDIATED_CYTOTOXICITY,2.780335739,NA,#VALUE!,http://www.gsea-msigdb.org/gsea/msigdb/human/geneset/GOBP_REGULATION_OF_NEUTROPHIL_MEDIATED_CYTOTOXICITY
GOBP_TRNA_MODIFICATION,2.778775683,NA,#VALUE!,http://www.gsea-msigdb.org/gsea/msigdb/human/geneset/GOBP_TRNA_MODIFICATION
GOBP_CELL_REDOX_HOMEOSTASIS,2.776218377,NA,#VALUE!,http://www.gsea-msigdb.org/gsea/msigdb/human/geneset/GOBP_CELL_REDOX_HOMEOSTASIS
GOBP_AMYLOID_BETA_CLEARANCE,2.776218377,NA,#VALUE!,http://www.gsea-msigdb.org/gsea/msigdb/human/geneset/GOBP_AMYLOID_BETA_CLEARANCE
GOBP_REGULATION_OF_HETEROTYPIC_CELL_CELL_ADHESION,2.775222334,NA,#VALUE!,http://www.gsea-msigdb.org/gsea/msigdb/human/geneset/GOBP_REGULATION_OF_HETEROTYPIC_CELL_CELL_ADHESION
GOBP_NUCLEOSIDE_METABOLIC_PROCESS,2.769951722,NA,#VALUE!,http://www.gsea-msigdb.org/gsea/msigdb/human/geneset/GOBP_NUCLEOSIDE_METABOLIC_PROCESS
GOBP_POSITIVE_REGULATION_OF_NUCLEAR_DIVISION,2.752730538,NA,#VALUE!,http://www.gsea-msigdb.org/gsea/msigdb/human/geneset/GOBP_POSITIVE_REGULATION_OF_NUCLEAR_DIVISION
GOBP_REGULATION_OF_PROTEIN_LOCALIZATION_TO_CILIUM,2.751679557,NA,#VALUE!,http://www.gsea-msigdb.org/gsea/msigdb/human/geneset/GOBP_REGULATION_OF_PROTEIN_LOCALIZATION_TO_CILIUM
GOBP_NEGATIVE_REGULATION_OF_HISTONE_METHYLATION,2.751679557,NA,#VALUE!,http://www.gsea-msigdb.org/gsea/msigdb/human/geneset/GOBP_NEGATIVE_REGULATION_OF_HISTONE_METHYLATION
GOBP_GLOMERULAR_BASEMENT_MEMBRANE_DEVELOPMENT,2.751679557,NA,#VALUE!,http://www.gsea-msigdb.org/gsea/msigdb/human/geneset/GOBP_GLOMERULAR_BASEMENT_MEMBRANE_DEVELOPMENT
GOBP_REGULATION_OF_MONONUCLEAR_CELL_MIGRATION,2.751019462,NA,#VALUE!,http://www.gsea-msigdb.org/gsea/msigdb/human/geneset/GOBP_REGULATION_OF_MONONUCLEAR_CELL_MIGRATION
GOBP_EPIDERMIS_DEVELOPMENT,2.745953597,NA,#VALUE!,http://www.gsea-msigdb.org/gsea/msigdb/human/geneset/GOBP_EPIDERMIS_DEVELOPMENT
GOBP_VASOCONSTRICTION,2.74572849,NA,#VALUE!,http://www.gsea-msigdb.org/gsea/msigdb/human/geneset/GOBP_VASOCONSTRICTION
GOBP_NEURON_FATE_COMMITMENT,2.739416613,NA,#VALUE!,http://www.gsea-msigdb.org/gsea/msigdb/human/geneset/GOBP_NEURON_FATE_COMMITMENT
GOBP_NEGATIVE_REGULATION_OF_DEPHOSPHORYLATION,2.728997613,NA,#VALUE!,http://www.gsea-msigdb.org/gsea/msigdb/human/geneset/GOBP_NEGATIVE_REGULATION_OF_DEPHOSPHORYLATION
GOBP_POSITIVE_REGULATION_OF_RECEPTOR_SIGNALING_PATHWAY_VIA_STAT,2.697044298,NA,#VALUE!,http://www.gsea-msigdb.org/gsea/msigdb/human/geneset/GOBP_POSITIVE_REGULATION_OF_RECEPTOR_SIGNALING_PATHWAY_VIA_STAT
GOBP_REGULATION_OF_EXTRINSIC_APOPTOTIC_SIGNALING_PATHWAY_VIA_DEATH_DOMAIN_RECEPTORS,2.697044298,NA,#VALUE!,http://www.gsea-msigdb.org/gsea/msigdb/human/geneset/GOBP_REGULATION_OF_EXTRINSIC_APOPTOTIC_SIGNALING_PATHWAY_VIA_DEATH_DOMAIN_RECEPTORS
GOBP_NEGATIVE_REGULATION_OF_PLASMINOGEN_ACTIVATION,2.696865523,NA,#VALUE!,http://www.gsea-msigdb.org/gsea/msigdb/human/geneset/GOBP_NEGATIVE_REGULATION_OF_PLASMINOGEN_ACTIVATION
GOBP_CELLULAR_RESPONSE_TO_LAMINAR_FLUID_SHEAR_STRESS,2.696865523,NA,#VALUE!,http://www.gsea-msigdb.org/gsea/msigdb/human/geneset/GOBP_CELLULAR_RESPONSE_TO_LAMINAR_FLUID_SHEAR_STRESS
GOBP_REGULATION_OF_MESENCHYMAL_STEM_CELL_DIFFERENTIATION,2.696865523,NA,#VALUE!,http://www.gsea-msigdb.org/gsea/msigdb/human/geneset/GOBP_REGULATION_OF_MESENCHYMAL_STEM_CELL_DIFFERENTIATION
GOBP_EMBRYONIC_PLACENTA_DEVELOPMENT,2.695589402,NA,#VALUE!,http://www.gsea-msigdb.org/gsea/msigdb/human/geneset/GOBP_EMBRYONIC_PLACENTA_DEVELOPMENT
GOBP_MONOCARBOXYLIC_ACID_BIOSYNTHETIC_PROCESS,2.693078316,NA,#VALUE!,http://www.gsea-msigdb.org/gsea/msigdb/human/geneset/GOBP_MONOCARBOXYLIC_ACID_BIOSYNTHETIC_PROCESS
GOBP_REGULATION_OF_DNA_RECOMBINATION,2.688230708,NA,#VALUE!,http://www.gsea-msigdb.org/gsea/msigdb/human/geneset/GOBP_REGULATION_OF_DNA_RECOMBINATION
GOBP_EAR_DEVELOPMENT,2.684374703,NA,#VALUE!,http://www.gsea-msigdb.org/gsea/msigdb/human/geneset/GOBP_EAR_DEVELOPMENT
GOBP_DEFENSE_RESPONSE_TO_GRAM_NEGATIVE_BACTERIUM,2.68226733,NA,#VALUE!,http://www.gsea-msigdb.org/gsea/msigdb/human/geneset/GOBP_DEFENSE_RESPONSE_TO_GRAM_NEGATIVE_BACTERIUM
GOBP_POSITIVE_REGULATION_OF_NEURON_APOPTOTIC_PROCESS,2.676401321,NA,#VALUE!,http://www.gsea-msigdb.org/gsea/msigdb/human/geneset/GOBP_POSITIVE_REGULATION_OF_NEURON_APOPTOTIC_PROCESS
GOBP_CALCIUM_ION_TRANSMEMBRANE_TRANSPORT,2.675686161,NA,#VALUE!,http://www.gsea-msigdb.org/gsea/msigdb/human/geneset/GOBP_CALCIUM_ION_TRANSMEMBRANE_TRANSPORT
GOBP_SKIN_DEVELOPMENT,2.669199559,NA,#VALUE!,http://www.gsea-msigdb.org/gsea/msigdb/human/geneset/GOBP_SKIN_DEVELOPMENT
GOBP_GLUCOSE_IMPORT,2.66349796,NA,#VALUE!,http://www.gsea-msigdb.org/gsea/msigdb/human/geneset/GOBP_GLUCOSE_IMPORT
GOBP_POSITIVE_REGULATION_OF_CYSTEINE_TYPE_ENDOPEPTIDASE_ACTIVITY,2.661698915,NA,#VALUE!,http://www.gsea-msigdb.org/gsea/msigdb/human/geneset/GOBP_POSITIVE_REGULATION_OF_CYSTEINE_TYPE_ENDOPEPTIDASE_ACTIVITY
GOBP_CELLULAR_HYPEROSMOTIC_RESPONSE,2.637904914,NA,#VALUE!,http://www.gsea-msigdb.org/gsea/msigdb/human/geneset/GOBP_CELLULAR_HYPEROSMOTIC_RESPONSE
GOBP_ENDOCRINE_SYSTEM_DEVELOPMENT,2.633779923,NA,#VALUE!,http://www.gsea-msigdb.org/gsea/msigdb/human/geneset/GOBP_ENDOCRINE_SYSTEM_DEVELOPMENT
GOBP_CELLULAR_RESPONSE_TO_DEXAMETHASONE_STIMULUS,2.631467385,NA,#VALUE!,http://www.gsea-msigdb.org/gsea/msigdb/human/geneset/GOBP_CELLULAR_RESPONSE_TO_DEXAMETHASONE_STIMULUS
GOBP_TEMPERATURE_HOMEOSTASIS,2.628741537,NA,#VALUE!,http://www.gsea-msigdb.org/gsea/msigdb/human/geneset/GOBP_TEMPERATURE_HOMEOSTASIS
GOBP_REGULATION_OF_CARBOHYDRATE_METABOLIC_PROCESS,2.628741537,NA,#VALUE!,http://www.gsea-msigdb.org/gsea/msigdb/human/geneset/GOBP_REGULATION_OF_CARBOHYDRATE_METABOLIC_PROCESS
GOBP_DICARBOXYLIC_ACID_METABOLIC_PROCESS,2.627522573,NA,#VALUE!,http://www.gsea-msigdb.org/gsea/msigdb/human/geneset/GOBP_DICARBOXYLIC_ACID_METABOLIC_PROCESS
GOBP_PROTEIN_ACYLATION,2.619149248,NA,#VALUE!,http://www.gsea-msigdb.org/gsea/msigdb/human/geneset/GOBP_PROTEIN_ACYLATION
GOBP_NUCLEOTIDE_EXCISION_REPAIR,2.612163981,NA,#VALUE!,http://www.gsea-msigdb.org/gsea/msigdb/human/geneset/GOBP_NUCLEOTIDE_EXCISION_REPAIR
GOBP_ORGANELLE_DISASSEMBLY,2.608922138,NA,#VALUE!,http://www.gsea-msigdb.org/gsea/msigdb/human/geneset/GOBP_ORGANELLE_DISASSEMBLY
GOBP_CHONDROCYTE_PROLIFERATION,2.605690735,NA,#VALUE!,http://www.gsea-msigdb.org/gsea/msigdb/human/geneset/GOBP_CHONDROCYTE_PROLIFERATION
GOBP_CARDIAC_CONDUCTION_SYSTEM_DEVELOPMENT,2.602326584,NA,#VALUE!,http://www.gsea-msigdb.org/gsea/msigdb/human/geneset/GOBP_CARDIAC_CONDUCTION_SYSTEM_DEVELOPMENT
GOBP_NEGATIVE_REGULATION_OF_INTERLEUKIN_12_PRODUCTION,2.602298018,NA,#VALUE!,http://www.gsea-msigdb.org/gsea/msigdb/human/geneset/GOBP_NEGATIVE_REGULATION_OF_INTERLEUKIN_12_PRODUCTION
GOBP_HISTONE_H2A_MONOUBIQUITINATION,2.602298018,NA,#VALUE!,http://www.gsea-msigdb.org/gsea/msigdb/human/geneset/GOBP_HISTONE_H2A_MONOUBIQUITINATION
GOBP_MYELOID_DENDRITIC_CELL_DIFFERENTIATION,2.602298018,NA,#VALUE!,http://www.gsea-msigdb.org/gsea/msigdb/human/geneset/GOBP_MYELOID_DENDRITIC_CELL_DIFFERENTIATION
GOBP_DNA_TEMPLATED_DNA_REPLICATION_MAINTENANCE_OF_FIDELITY,2.586104966,NA,#VALUE!,http://www.gsea-msigdb.org/gsea/msigdb/human/geneset/GOBP_DNA_TEMPLATED_DNA_REPLICATION_MAINTENANCE_OF_FIDELITY
GOBP_POSITIVE_REGULATION_OF_DNA_RECOMBINATION,2.581141847,NA,#VALUE!,http://www.gsea-msigdb.org/gsea/msigdb/human/geneset/GOBP_POSITIVE_REGULATION_OF_DNA_RECOMBINATION
GOBP_PROTEIN_LOCALIZATION_TO_CHROMOSOME,2.579998303,NA,#VALUE!,http://www.gsea-msigdb.org/gsea/msigdb/human/geneset/GOBP_PROTEIN_LOCALIZATION_TO_CHROMOSOME
GOBP_SENSORY_ORGAN_MORPHOGENESIS,2.571438093,NA,#VALUE!,http://www.gsea-msigdb.org/gsea/msigdb/human/geneset/GOBP_SENSORY_ORGAN_MORPHOGENESIS
GOBP_POSITIVE_REGULATION_OF_TELOMERASE_ACTIVITY,2.545884981,NA,#VALUE!,http://www.gsea-msigdb.org/gsea/msigdb/human/geneset/GOBP_POSITIVE_REGULATION_OF_TELOMERASE_ACTIVITY
GOBP_REGULATION_OF_MEIOTIC_NUCLEAR_DIVISION,2.545884981,NA,#VALUE!,http://www.gsea-msigdb.org/gsea/msigdb/human/geneset/GOBP_REGULATION_OF_MEIOTIC_NUCLEAR_DIVISION
GOBP_NEURAL_TUBE_FORMATION,2.53852641,NA,#VALUE!,http://www.gsea-msigdb.org/gsea/msigdb/human/geneset/GOBP_NEURAL_TUBE_FORMATION
GOBP_DETECTION_OF_ABIOTIC_STIMULUS,2.527732706,NA,#VALUE!,http://www.gsea-msigdb.org/gsea/msigdb/human/geneset/GOBP_DETECTION_OF_ABIOTIC_STIMULUS
GOBP_NEPHRON_EPITHELIUM_DEVELOPMENT,2.527195413,NA,#VALUE!,http://www.gsea-msigdb.org/gsea/msigdb/human/geneset/GOBP_NEPHRON_EPITHELIUM_DEVELOPMENT
GOBP_REGULATION_OF_RECEPTOR_SIGNALING_PATHWAY_VIA_STAT,2.527195413,NA,#VALUE!,http://www.gsea-msigdb.org/gsea/msigdb/human/geneset/GOBP_REGULATION_OF_RECEPTOR_SIGNALING_PATHWAY_VIA_STAT
GOBP_RESPONSE_TO_ANTIBIOTIC,2.526586603,NA,#VALUE!,http://www.gsea-msigdb.org/gsea/msigdb/human/geneset/GOBP_RESPONSE_TO_ANTIBIOTIC
GOBP_REGULATION_OF_PHOSPHATASE_ACTIVITY,2.515521844,NA,#VALUE!,http://www.gsea-msigdb.org/gsea/msigdb/human/geneset/GOBP_REGULATION_OF_PHOSPHATASE_ACTIVITY
GOBP_NEGATIVE_REGULATION_OF_DNA_BINDING,2.508390792,NA,#VALUE!,http://www.gsea-msigdb.org/gsea/msigdb/human/geneset/GOBP_NEGATIVE_REGULATION_OF_DNA_BINDING
GOBP_INTRACELLULAR_PH_REDUCTION,2.508390792,NA,#VALUE!,http://www.gsea-msigdb.org/gsea/msigdb/human/geneset/GOBP_INTRACELLULAR_PH_REDUCTION
GOBP_POSITIVE_REGULATION_OF_CYTOSOLIC_CALCIUM_ION_CONCENTRATION,2.505640163,NA,#VALUE!,http://www.gsea-msigdb.org/gsea/msigdb/human/geneset/GOBP_POSITIVE_REGULATION_OF_CYTOSOLIC_CALCIUM_ION_CONCENTRATION
GOBP_POST_TRANSLATIONAL_PROTEIN_MODIFICATION,2.50538078,NA,#VALUE!,http://www.gsea-msigdb.org/gsea/msigdb/human/geneset/GOBP_POST_TRANSLATIONAL_PROTEIN_MODIFICATION
GOBP_NEGATIVE_REGULATION_OF_PATHWAY_RESTRICTED_SMAD_PROTEIN_PHOSPHORYLATION,2.504814265,NA,#VALUE!,http://www.gsea-msigdb.org/gsea/msigdb/human/geneset/GOBP_NEGATIVE_REGULATION_OF_PATHWAY_RESTRICTED_SMAD_PROTEIN_PHOSPHORYLATION
GOBP_REGULATION_OF_RESPIRATORY_GASEOUS_EXCHANGE_BY_NERVOUS_SYSTEM_PROCESS,2.504814265,NA,#VALUE!,http://www.gsea-msigdb.org/gsea/msigdb/human/geneset/GOBP_REGULATION_OF_RESPIRATORY_GASEOUS_EXCHANGE_BY_NERVOUS_SYSTEM_PROCESS
GOBP_RRNA_PROCESSING,2.500665264,NA,#VALUE!,http://www.gsea-msigdb.org/gsea/msigdb/human/geneset/GOBP_RRNA_PROCESSING
GOBP_POSITIVE_REGULATION_OF_PROTEIN_MODIFICATION_BY_SMALL_PROTEIN_CONJUGATION_OR_REMOVAL,2.498761912,NA,#VALUE!,http://www.gsea-msigdb.org/gsea/msigdb/human/geneset/GOBP_POSITIVE_REGULATION_OF_PROTEIN_MODIFICATION_BY_SMALL_PROTEIN_CONJUGATION_OR_REMOVAL
GOBP_NEGATIVE_REGULATION_OF_HISTONE_MODIFICATION,2.496640647,NA,#VALUE!,http://www.gsea-msigdb.org/gsea/msigdb/human/geneset/GOBP_NEGATIVE_REGULATION_OF_HISTONE_MODIFICATION
GOBP_PROTEIN_NEDDYLATION,2.496640647,NA,#VALUE!,http://www.gsea-msigdb.org/gsea/msigdb/human/geneset/GOBP_PROTEIN_NEDDYLATION
GOBP_CARDIAC_ATRIUM_DEVELOPMENT,2.489923634,NA,#VALUE!,http://www.gsea-msigdb.org/gsea/msigdb/human/geneset/GOBP_CARDIAC_ATRIUM_DEVELOPMENT
GOBP_PROTEIN_CONTAINING_COMPLEX_LOCALIZATION,2.46112285,NA,#VALUE!,http://www.gsea-msigdb.org/gsea/msigdb/human/geneset/GOBP_PROTEIN_CONTAINING_COMPLEX_LOCALIZATION
GOBP_POSITIVE_REGULATION_OF_MESENCHYMAL_CELL_PROLIFERATION,2.458083554,NA,#VALUE!,http://www.gsea-msigdb.org/gsea/msigdb/human/geneset/GOBP_POSITIVE_REGULATION_OF_MESENCHYMAL_CELL_PROLIFERATION
GOBP_SKELETAL_MUSCLE_ADAPTATION,2.458083554,NA,#VALUE!,http://www.gsea-msigdb.org/gsea/msigdb/human/geneset/GOBP_SKELETAL_MUSCLE_ADAPTATION
GOBP_REGULATION_OF_RESPIRATORY_GASEOUS_EXCHANGE,2.458083554,NA,#VALUE!,http://www.gsea-msigdb.org/gsea/msigdb/human/geneset/GOBP_REGULATION_OF_RESPIRATORY_GASEOUS_EXCHANGE
GOBP_POSITIVE_REGULATION_OF_HUMORAL_IMMUNE_RESPONSE,2.458083554,NA,#VALUE!,http://www.gsea-msigdb.org/gsea/msigdb/human/geneset/GOBP_POSITIVE_REGULATION_OF_HUMORAL_IMMUNE_RESPONSE
GOBP_GENERATION_OF_PRECURSOR_METABOLITES_AND_ENERGY,2.455960186,NA,#VALUE!,http://www.gsea-msigdb.org/gsea/msigdb/human/geneset/GOBP_GENERATION_OF_PRECURSOR_METABOLITES_AND_ENERGY
GOBP_MYELOID_CELL_ACTIVATION_INVOLVED_IN_IMMUNE_RESPONSE,2.454809792,NA,#VALUE!,http://www.gsea-msigdb.org/gsea/msigdb/human/geneset/GOBP_MYELOID_CELL_ACTIVATION_INVOLVED_IN_IMMUNE_RESPONSE
GOBP_REGENERATION,2.45059756,NA,#VALUE!,http://www.gsea-msigdb.org/gsea/msigdb/human/geneset/GOBP_REGENERATION
GOBP_POSITIVE_REGULATION_OF_MEIOTIC_NUCLEAR_DIVISION,2.443130919,NA,#VALUE!,http://www.gsea-msigdb.org/gsea/msigdb/human/geneset/GOBP_POSITIVE_REGULATION_OF_MEIOTIC_NUCLEAR_DIVISION
GOBP_REGULATION_OF_GOLGI_ORGANIZATION,2.443130919,NA,#VALUE!,http://www.gsea-msigdb.org/gsea/msigdb/human/geneset/GOBP_REGULATION_OF_GOLGI_ORGANIZATION
GOBP_PROTEIN_LOCALIZATION_TO_NUCLEOLUS,2.443130919,NA,#VALUE!,http://www.gsea-msigdb.org/gsea/msigdb/human/geneset/GOBP_PROTEIN_LOCALIZATION_TO_NUCLEOLUS
GOBP_VITAMIN_D_METABOLIC_PROCESS,2.436320319,NA,#VALUE!,http://www.gsea-msigdb.org/gsea/msigdb/human/geneset/GOBP_VITAMIN_D_METABOLIC_PROCESS
GOBP_ARGININE_METABOLIC_PROCESS,2.436320319,NA,#VALUE!,http://www.gsea-msigdb.org/gsea/msigdb/human/geneset/GOBP_ARGININE_METABOLIC_PROCESS
GOBP_REGULATION_OF_NOTCH_SIGNALING_PATHWAY,2.432737318,NA,#VALUE!,http://www.gsea-msigdb.org/gsea/msigdb/human/geneset/GOBP_REGULATION_OF_NOTCH_SIGNALING_PATHWAY
GOBP_ACUTE_PHASE_RESPONSE,2.43142254,NA,#VALUE!,http://www.gsea-msigdb.org/gsea/msigdb/human/geneset/GOBP_ACUTE_PHASE_RESPONSE
GOBP_ASPARTATE_FAMILY_AMINO_ACID_METABOLIC_PROCESS,2.43142254,NA,#VALUE!,http://www.gsea-msigdb.org/gsea/msigdb/human/geneset/GOBP_ASPARTATE_FAMILY_AMINO_ACID_METABOLIC_PROCESS
GOBP_PROTEIN_ACETYLATION,2.425745818,NA,#VALUE!,http://www.gsea-msigdb.org/gsea/msigdb/human/geneset/GOBP_PROTEIN_ACETYLATION
GOBP_ZYMOGEN_ACTIVATION,2.416062316,NA,#VALUE!,http://www.gsea-msigdb.org/gsea/msigdb/human/geneset/GOBP_ZYMOGEN_ACTIVATION
GOBP_NEGATIVE_REGULATION_OF_MAP_KINASE_ACTIVITY,2.414711204,NA,#VALUE!,http://www.gsea-msigdb.org/gsea/msigdb/human/geneset/GOBP_NEGATIVE_REGULATION_OF_MAP_KINASE_ACTIVITY
GOBP_ALPHA_AMINO_ACID_CATABOLIC_PROCESS,2.411980812,NA,#VALUE!,http://www.gsea-msigdb.org/gsea/msigdb/human/geneset/GOBP_ALPHA_AMINO_ACID_CATABOLIC_PROCESS
GOBP_ADAPTIVE_THERMOGENESIS,2.407776553,NA,#VALUE!,http://www.gsea-msigdb.org/gsea/msigdb/human/geneset/GOBP_ADAPTIVE_THERMOGENESIS
GOBP_GLIAL_CELL_DERIVED_NEUROTROPHIC_FACTOR_RECEPTOR_SIGNALING_PATHWAY,2.397443842,NA,#VALUE!,http://www.gsea-msigdb.org/gsea/msigdb/human/geneset/GOBP_GLIAL_CELL_DERIVED_NEUROTROPHIC_FACTOR_RECEPTOR_SIGNALING_PATHWAY
GOBP_REGULATION_OF_ALKALINE_PHOSPHATASE_ACTIVITY,2.397443842,NA,#VALUE!,http://www.gsea-msigdb.org/gsea/msigdb/human/geneset/GOBP_REGULATION_OF_ALKALINE_PHOSPHATASE_ACTIVITY
GOBP_TRYPTOPHAN_CATABOLIC_PROCESS,2.397443842,NA,#VALUE!,http://www.gsea-msigdb.org/gsea/msigdb/human/geneset/GOBP_TRYPTOPHAN_CATABOLIC_PROCESS
GOBP_VITAMIN_METABOLIC_PROCESS,2.394306695,NA,#VALUE!,http://www.gsea-msigdb.org/gsea/msigdb/human/geneset/GOBP_VITAMIN_METABOLIC_PROCESS
GOBP_RESPIRATORY_SYSTEM_PROCESS,2.382888306,NA,#VALUE!,http://www.gsea-msigdb.org/gsea/msigdb/human/geneset/GOBP_RESPIRATORY_SYSTEM_PROCESS
GOBP_SENSORY_PERCEPTION,2.365667394,NA,#VALUE!,http://www.gsea-msigdb.org/gsea/msigdb/human/geneset/GOBP_SENSORY_PERCEPTION
GOBP_RNA_LOCALIZATION,2.365312451,NA,#VALUE!,http://www.gsea-msigdb.org/gsea/msigdb/human/geneset/GOBP_RNA_LOCALIZATION
GOBP_REGULATION_OF_ANIMAL_ORGAN_MORPHOGENESIS,2.365050537,NA,#VALUE!,http://www.gsea-msigdb.org/gsea/msigdb/human/geneset/GOBP_REGULATION_OF_ANIMAL_ORGAN_MORPHOGENESIS
GOBP_STEM_CELL_PROLIFERATION,2.35964766,NA,#VALUE!,http://www.gsea-msigdb.org/gsea/msigdb/human/geneset/GOBP_STEM_CELL_PROLIFERATION
GOBP_RUFFLE_ASSEMBLY,2.355460635,NA,#VALUE!,http://www.gsea-msigdb.org/gsea/msigdb/human/geneset/GOBP_RUFFLE_ASSEMBLY
GOBP_RIBOSOME_ASSOCIATED_UBIQUITIN_DEPENDENT_PROTEIN_CATABOLIC_PROCESS,2.354088366,NA,#VALUE!,http://www.gsea-msigdb.org/gsea/msigdb/human/geneset/GOBP_RIBOSOME_ASSOCIATED_UBIQUITIN_DEPENDENT_PROTEIN_CATABOLIC_PROCESS
GOBP_POSITIVE_REGULATION_OF_ALKALINE_PHOSPHATASE_ACTIVITY,2.354088366,NA,#VALUE!,http://www.gsea-msigdb.org/gsea/msigdb/human/geneset/GOBP_POSITIVE_REGULATION_OF_ALKALINE_PHOSPHATASE_ACTIVITY
GOBP_NEGATIVE_REGULATION_OF_LENS_FIBER_CELL_DIFFERENTIATION,2.354088366,NA,#VALUE!,http://www.gsea-msigdb.org/gsea/msigdb/human/geneset/GOBP_NEGATIVE_REGULATION_OF_LENS_FIBER_CELL_DIFFERENTIATION
GOBP_METANEPHRIC_NEPHRON_TUBULE_EPITHELIAL_CELL_DIFFERENTIATION,2.354088366,NA,#VALUE!,http://www.gsea-msigdb.org/gsea/msigdb/human/geneset/GOBP_METANEPHRIC_NEPHRON_TUBULE_EPITHELIAL_CELL_DIFFERENTIATION
GOBP_NUCLEOTIDE_BINDING_OLIGOMERIZATION_DOMAIN_CONTAINING_1_SIGNALING_PATHWAY,2.354088366,NA,#VALUE!,http://www.gsea-msigdb.org/gsea/msigdb/human/geneset/GOBP_NUCLEOTIDE_BINDING_OLIGOMERIZATION_DOMAIN_CONTAINING_1_SIGNALING_PATHWAY
GOBP_POSITIVE_REGULATION_OF_DENDRITIC_CELL_DIFFERENTIATION,2.354088366,NA,#VALUE!,http://www.gsea-msigdb.org/gsea/msigdb/human/geneset/GOBP_POSITIVE_REGULATION_OF_DENDRITIC_CELL_DIFFERENTIATION
GOBP_CYTOKINE_PRODUCTION_INVOLVED_IN_INFLAMMATORY_RESPONSE,2.347734813,NA,#VALUE!,http://www.gsea-msigdb.org/gsea/msigdb/human/geneset/GOBP_CYTOKINE_PRODUCTION_INVOLVED_IN_INFLAMMATORY_RESPONSE
GOBP_REGULATION_OF_WNT_SIGNALING_PATHWAY,2.347627032,NA,#VALUE!,http://www.gsea-msigdb.org/gsea/msigdb/human/geneset/GOBP_REGULATION_OF_WNT_SIGNALING_PATHWAY
GOBP_REGULATION_OF_HUMORAL_IMMUNE_RESPONSE,2.340009054,NA,#VALUE!,http://www.gsea-msigdb.org/gsea/msigdb/human/geneset/GOBP_REGULATION_OF_HUMORAL_IMMUNE_RESPONSE
GOBP_CELLULAR_RESPONSE_TO_CORTICOSTEROID_STIMULUS,2.338507879,NA,#VALUE!,http://www.gsea-msigdb.org/gsea/msigdb/human/geneset/GOBP_CELLULAR_RESPONSE_TO_CORTICOSTEROID_STIMULUS
GOBP_NEGATIVE_REGULATION_OF_CELL_CYCLE_G2_M_PHASE_TRANSITION,2.338507879,NA,#VALUE!,http://www.gsea-msigdb.org/gsea/msigdb/human/geneset/GOBP_NEGATIVE_REGULATION_OF_CELL_CYCLE_G2_M_PHASE_TRANSITION
GOBP_SIGNAL_TRANSDUCTION_IN_ABSENCE_OF_LIGAND,2.338507879,NA,#VALUE!,http://www.gsea-msigdb.org/gsea/msigdb/human/geneset/GOBP_SIGNAL_TRANSDUCTION_IN_ABSENCE_OF_LIGAND
GOBP_REGULATION_OF_GRANULOCYTE_CHEMOTAXIS,2.333354539,NA,#VALUE!,http://www.gsea-msigdb.org/gsea/msigdb/human/geneset/GOBP_REGULATION_OF_GRANULOCYTE_CHEMOTAXIS
GOBP_REGULATION_OF_ALCOHOL_BIOSYNTHETIC_PROCESS,2.333354539,NA,#VALUE!,http://www.gsea-msigdb.org/gsea/msigdb/human/geneset/GOBP_REGULATION_OF_ALCOHOL_BIOSYNTHETIC_PROCESS
GOBP_NUCLEAR_EXPORT,2.329371572,NA,#VALUE!,http://www.gsea-msigdb.org/gsea/msigdb/human/geneset/GOBP_NUCLEAR_EXPORT
GOBP_PLASMINOGEN_ACTIVATION,2.32065928,NA,#VALUE!,http://www.gsea-msigdb.org/gsea/msigdb/human/geneset/GOBP_PLASMINOGEN_ACTIVATION
GOBP_NEGATIVE_REGULATION_OF_CELLULAR_SENESCENCE,2.32065928,NA,#VALUE!,http://www.gsea-msigdb.org/gsea/msigdb/human/geneset/GOBP_NEGATIVE_REGULATION_OF_CELLULAR_SENESCENCE
GOBP_REGULATION_OF_CHOLESTEROL_BIOSYNTHETIC_PROCESS,2.32065928,NA,#VALUE!,http://www.gsea-msigdb.org/gsea/msigdb/human/geneset/GOBP_REGULATION_OF_CHOLESTEROL_BIOSYNTHETIC_PROCESS
GOBP_POSITIVE_REGULATION_OF_MEIOTIC_CELL_CYCLE,2.32065928,NA,#VALUE!,http://www.gsea-msigdb.org/gsea/msigdb/human/geneset/GOBP_POSITIVE_REGULATION_OF_MEIOTIC_CELL_CYCLE
GOBP_REGULATION_OF_UBIQUITIN_PROTEIN_LIGASE_ACTIVITY,2.32065928,NA,#VALUE!,http://www.gsea-msigdb.org/gsea/msigdb/human/geneset/GOBP_REGULATION_OF_UBIQUITIN_PROTEIN_LIGASE_ACTIVITY
GOBP_NEUROTRANSMITTER_RECEPTOR_LOCALIZATION_TO_POSTSYNAPTIC_SPECIALIZATION_MEMBRANE,2.32065928,NA,#VALUE!,http://www.gsea-msigdb.org/gsea/msigdb/human/geneset/GOBP_NEUROTRANSMITTER_RECEPTOR_LOCALIZATION_TO_POSTSYNAPTIC_SPECIALIZATION_MEMBRANE
GOBP_NEGATIVE_REGULATION_OF_PROTEIN_BINDING,2.310324867,NA,#VALUE!,http://www.gsea-msigdb.org/gsea/msigdb/human/geneset/GOBP_NEGATIVE_REGULATION_OF_PROTEIN_BINDING
GOBP_RNA_PHOSPHODIESTER_BOND_HYDROLYSIS_ENDONUCLEOLYTIC,2.308137923,NA,#VALUE!,http://www.gsea-msigdb.org/gsea/msigdb/human/geneset/GOBP_RNA_PHOSPHODIESTER_BOND_HYDROLYSIS_ENDONUCLEOLYTIC
GOBP_ENDOPLASMIC_RETICULUM_MANNOSE_TRIMMING,2.289950009,NA,#VALUE!,http://www.gsea-msigdb.org/gsea/msigdb/human/geneset/GOBP_ENDOPLASMIC_RETICULUM_MANNOSE_TRIMMING
GOBP_RESPONSE_TO_STIMULUS_INVOLVED_IN_REGULATION_OF_MUSCLE_ADAPTATION,2.289950009,NA,#VALUE!,http://www.gsea-msigdb.org/gsea/msigdb/human/geneset/GOBP_RESPONSE_TO_STIMULUS_INVOLVED_IN_REGULATION_OF_MUSCLE_ADAPTATION
GOBP_REGULATION_OF_SKELETAL_MUSCLE_ADAPTATION,2.289950009,NA,#VALUE!,http://www.gsea-msigdb.org/gsea/msigdb/human/geneset/GOBP_REGULATION_OF_SKELETAL_MUSCLE_ADAPTATION
GOBP_NEGATIVE_REGULATION_OF_MACROPHAGE_DERIVED_FOAM_CELL_DIFFERENTIATION,2.289950009,NA,#VALUE!,http://www.gsea-msigdb.org/gsea/msigdb/human/geneset/GOBP_NEGATIVE_REGULATION_OF_MACROPHAGE_DERIVED_FOAM_CELL_DIFFERENTIATION
GOBP_MITOTIC_CYTOKINETIC_PROCESS,2.283781284,NA,#VALUE!,http://www.gsea-msigdb.org/gsea/msigdb/human/geneset/GOBP_MITOTIC_CYTOKINETIC_PROCESS
GOBP_BLASTOCYST_GROWTH,2.283781284,NA,#VALUE!,http://www.gsea-msigdb.org/gsea/msigdb/human/geneset/GOBP_BLASTOCYST_GROWTH
GOBP_RESPONSE_TO_GLUCAGON,2.283781284,NA,#VALUE!,http://www.gsea-msigdb.org/gsea/msigdb/human/geneset/GOBP_RESPONSE_TO_GLUCAGON
GOBP_NUCLEAR_TRANSCRIBED_MRNA_CATABOLIC_PROCESS,2.283545195,NA,#VALUE!,http://www.gsea-msigdb.org/gsea/msigdb/human/geneset/GOBP_NUCLEAR_TRANSCRIBED_MRNA_CATABOLIC_PROCESS
GOBP_TRNA_METABOLIC_PROCESS,2.282463942,NA,#VALUE!,http://www.gsea-msigdb.org/gsea/msigdb/human/geneset/GOBP_TRNA_METABOLIC_PROCESS
GOBP_POSITIVE_REGULATION_OF_B_CELL_MEDIATED_IMMUNITY,2.280876907,NA,#VALUE!,http://www.gsea-msigdb.org/gsea/msigdb/human/geneset/GOBP_POSITIVE_REGULATION_OF_B_CELL_MEDIATED_IMMUNITY
GOBP_PROTEIN_LOCALIZATION_TO_CELL_SURFACE,2.275620456,NA,#VALUE!,http://www.gsea-msigdb.org/gsea/msigdb/human/geneset/GOBP_PROTEIN_LOCALIZATION_TO_CELL_SURFACE
GOBP_GABAERGIC_NEURON_DIFFERENTIATION,2.267629768,NA,#VALUE!,http://www.gsea-msigdb.org/gsea/msigdb/human/geneset/GOBP_GABAERGIC_NEURON_DIFFERENTIATION
GOBP_GRANULOCYTE_MACROPHAGE_COLONY_STIMULATING_FACTOR_PRODUCTION,2.267629768,NA,#VALUE!,http://www.gsea-msigdb.org/gsea/msigdb/human/geneset/GOBP_GRANULOCYTE_MACROPHAGE_COLONY_STIMULATING_FACTOR_PRODUCTION
GOBP_MITOCHONDRIAL_CALCIUM_ION_TRANSMEMBRANE_TRANSPORT,2.267629768,NA,#VALUE!,http://www.gsea-msigdb.org/gsea/msigdb/human/geneset/GOBP_MITOCHONDRIAL_CALCIUM_ION_TRANSMEMBRANE_TRANSPORT
GOBP_RESPONSE_TO_FOLLICLE_STIMULATING_HORMONE,2.267629768,NA,#VALUE!,http://www.gsea-msigdb.org/gsea/msigdb/human/geneset/GOBP_RESPONSE_TO_FOLLICLE_STIMULATING_HORMONE
GOBP_POSITIVE_REGULATION_OF_POST_TRANSCRIPTIONAL_GENE_SILENCING,2.267629768,NA,#VALUE!,http://www.gsea-msigdb.org/gsea/msigdb/human/geneset/GOBP_POSITIVE_REGULATION_OF_POST_TRANSCRIPTIONAL_GENE_SILENCING
GOBP_CELL_CYCLE_DNA_REPLICATION,2.26136784,NA,#VALUE!,http://www.gsea-msigdb.org/gsea/msigdb/human/geneset/GOBP_CELL_CYCLE_DNA_REPLICATION
GOBP_MIRNA_PROCESSING,2.26136784,NA,#VALUE!,http://www.gsea-msigdb.org/gsea/msigdb/human/geneset/GOBP_MIRNA_PROCESSING
GOBP_AUTOPHAGOSOME_MATURATION,2.254729655,NA,#VALUE!,http://www.gsea-msigdb.org/gsea/msigdb/human/geneset/GOBP_AUTOPHAGOSOME_MATURATION
GOBP_MYELOID_LEUKOCYTE_CYTOKINE_PRODUCTION,2.252157523,NA,#VALUE!,http://www.gsea-msigdb.org/gsea/msigdb/human/geneset/GOBP_MYELOID_LEUKOCYTE_CYTOKINE_PRODUCTION
GOBP_RENAL_ABSORPTION,2.250710817,NA,#VALUE!,http://www.gsea-msigdb.org/gsea/msigdb/human/geneset/GOBP_RENAL_ABSORPTION
GOBP_REGULATION_OF_MITOCHONDRIAL_FISSION,2.250710817,NA,#VALUE!,http://www.gsea-msigdb.org/gsea/msigdb/human/geneset/GOBP_REGULATION_OF_MITOCHONDRIAL_FISSION
GOBP_POSITIVE_REGULATION_OF_VASOCONSTRICTION,2.250710817,NA,#VALUE!,http://www.gsea-msigdb.org/gsea/msigdb/human/geneset/GOBP_POSITIVE_REGULATION_OF_VASOCONSTRICTION
GOBP_NEGATIVE_REGULATION_OF_CARTILAGE_DEVELOPMENT,2.250710817,NA,#VALUE!,http://www.gsea-msigdb.org/gsea/msigdb/human/geneset/GOBP_NEGATIVE_REGULATION_OF_CARTILAGE_DEVELOPMENT
GOBP_DIGESTIVE_SYSTEM_DEVELOPMENT,2.231244797,NA,#VALUE!,http://www.gsea-msigdb.org/gsea/msigdb/human/geneset/GOBP_DIGESTIVE_SYSTEM_DEVELOPMENT