Color,GO-term,Stat
white,GOBP_DEPHOSPHORYLATION,6.51210652
yellow,GOBP_POSITIVE_REGULATION_OF_RESPONSE_TO_DNA_DAMAGE_STIMULUS,5.88274432
green,GOBP_PATTERN_SPECIFICATION_PROCESS,5.8423523
white,GOBP_PROTEIN_DEPHOSPHORYLATION,5.69763302
yellow,GOBP_MACROAUTOPHAGY,5.29666694
white,GOBP_ORGANIC_CYCLIC_COMPOUND_CATABOLIC_PROCESS,5.25362877
yellow,GOBP_REGULATION_OF_DNA_REPAIR,5.20080786
yellow,GOBP_CELL_CYCLE_G2_M_PHASE_TRANSITION,5.10304039
green,GOBP_BLASTOCYST_DEVELOPMENT,5.01335716
white,GOBP_NEGATIVE_REGULATION_OF_BINDING,4.88096866
green,GOBP_EMBRYONIC_ORGAN_MORPHOGENESIS,4.69414357
red,GOBP_DNA_REPLICATION,4.56031274
white,GOBP_INTRACELLULAR_MONOATOMIC_ION_HOMEOSTASIS,4.55672019
yellow,GOBP_REGULATION_OF_DOUBLE_STRAND_BREAK_REPAIR,4.55637884
white,GOBP_HETEROCYCLE_CATABOLIC_PROCESS,4.42665758
green,GOBP_EPITHELIAL_CELL_DIFFERENTIATION,4.41366691
red,GOBP_DNA_TEMPLATED_DNA_REPLICATION,4.36944487
orange,GOBP_LEUKOCYTE_CHEMOTAXIS,4.34870009
green,GOBP_TUBE_FORMATION,4.14033455
orange,GOBP_ANTIFUNGAL_INNATE_IMMUNE_RESPONSE,4.13210725
yellow,GOBP_POSITIVE_REGULATION_OF_SIGNAL_TRANSDUCTION_BY_P53_CLASS_MEDIATOR,4.13208306
white,GOBP_REGULATION_OF_MRNA_SPLICING_VIA_SPLICEOSOME,4.03763209
yellow,GOBP_REGULATION_OF_CELL_CYCLE_G2_M_PHASE_TRANSITION,4.01094327
green,GOBP_MORPHOGENESIS_OF_EMBRYONIC_EPITHELIUM,3.99230064
red,GOBP_CENTRIOLE_ASSEMBLY,3.955382
white,GOBP_REGULATION_OF_DEPHOSPHORYLATION,3.93398349
white,GOBP_INORGANIC_ION_HOMEOSTASIS,3.92818415
green,GOBP_MAMMARY_GLAND_MORPHOGENESIS,3.92439574
white,GOBP_NEGATIVE_REGULATION_OF_PROTEIN_DEPHOSPHORYLATION,3.90256637
green,GOBP_REGULATION_OF_CHONDROCYTE_DIFFERENTIATION,3.86920292
white,GOBP_POSITIVE_REGULATION_OF_PEPTIDASE_ACTIVITY,3.83563154
green,GOBP_EPITHELIAL_TUBE_FORMATION,3.81673642
white,GOBP_BEHAVIORAL_RESPONSE_TO_NICOTINE,3.80561014
red,GOBP_KINETOCHORE_ASSEMBLY,3.79082823
green,GOBP_THYROID_GLAND_DEVELOPMENT,3.75093182
white,GOBP_MITOCHONDRIAL_GENE_EXPRESSION,3.69052305
white,GOBP_REGULATION_OF_DNA_BINDING,3.63297528
orange,GOBP_MYELOID_LEUKOCYTE_MEDIATED_IMMUNITY,3.61941105
white,GOBP_RRNA_METABOLIC_PROCESS,3.60863022
orange,GOBP_POSITIVE_REGULATION_OF_CYTOKINE_PRODUCTION_INVOLVED_IN_INFLAMMATORY_RESPONSE,3.60293749
yellow,GOBP_ACTIVATION_OF_CYSTEINE_TYPE_ENDOPEPTIDASE_ACTIVITY_INVOLVED_IN_APOPTOTIC_PROCESS,3.58285618
red,GOBP_CENTROMERE_COMPLEX_ASSEMBLY,3.57745725
white,GOBP_AMINO_ACID_METABOLIC_PROCESS,3.56863094
white,GOBP_VESICLE_DOCKING,3.54159662
green,GOBP_DENDRITIC_CELL_DIFFERENTIATION,3.5302675
green,GOBP_MESENCHYMAL_CELL_PROLIFERATION,3.48707427
orange,GOBP_RESPONSE_TO_FUNGUS,3.47568073
red,GOBP_KINETOCHORE_ORGANIZATION,3.46018195
white,GOBP_REGULATION_OF_RESPIRATORY_SYSTEM_PROCESS,3.44739972
blue,GOBP_POSITIVE_REGULATION_OF_HETEROTYPIC_CELL_CELL_ADHESION,3.44739972
white,GOBP_QUINOLINATE_METABOLIC_PROCESS,3.42815099
orange,GOBP_PHAGOCYTOSIS_ENGULFMENT,3.40897048
white,GOBP_MAMMARY_GLAND_INVOLUTION,3.38317903
green,GOBP_ENDOTHELIAL_CELL_MORPHOGENESIS,3.38317903
orange,GOBP_NEGATIVE_REGULATION_OF_MACROPHAGE_CYTOKINE_PRODUCTION,3.38151841
red,GOBP_POSITIVE_REGULATION_OF_MITOTIC_CELL_CYCLE,3.37145419
white,GOBP_RESPONSE_TO_DEXAMETHASONE,3.3599679
white,GOBP_ALPHA_AMINO_ACID_METABOLIC_PROCESS,3.3423609
white,GOBP_PROTEIN_DNA_COMPLEX_SUBUNIT_ORGANIZATION,3.32135717
white,GOBP_ORGANIC_ACID_BIOSYNTHETIC_PROCESS,3.31967218
white,GOBP_MITOCHONDRIAL_TRANSLATION,3.30651358
orange,GOBP_POSITIVE_REGULATION_OF_ADAPTIVE_IMMUNE_RESPONSE,3.28948128
yellow,GOBP_EPITHELIAL_CELL_APOPTOTIC_PROCESS,3.28242773
white,GOBP_MEMBRANE_INVAGINATION,3.27452333
blue,GOBP_HETEROTYPIC_CELL_CELL_ADHESION,3.27452333
white,GOBP_ORGANELLE_MEMBRANE_FUSION,3.27378733
white,GOBP_AMINE_METABOLIC_PROCESS,3.25960274
white,GOBP_TRANSCRIPTION_INITIATION_COUPLED_CHROMATIN_REMODELING,3.252818
white,GOBP_REGULATION_OF_MITOCHONDRIAL_MEMBRANE_POTENTIAL,3.2513574
white,GOBP_MEMBRANE_DOCKING,3.2198845
orange,GOBP_REGULATION_OF_MYELOID_LEUKOCYTE_MEDIATED_IMMUNITY,3.20510763
white,GOBP_NEGATIVE_REGULATION_OF_CARBOHYDRATE_METABOLIC_PROCESS,3.17992016
orange,GOBP_DEFENSE_RESPONSE_TO_FUNGUS,3.17992016
white,GOBP_NEURON_CELLULAR_HOMEOSTASIS,3.17849523
yellow,GOBP_REGULATION_OF_MACROAUTOPHAGY,3.17723495
white,GOBP_PEPTIDYL_LYSINE_ACETYLATION,3.17491495
green,GOBP_RENAL_TUBULE_DEVELOPMENT,3.15507089
green,GOBP_VASCULOGENESIS,3.14010185
yellow,GOBP_EXTRINSIC_APOPTOTIC_SIGNALING_PATHWAY_VIA_DEATH_DOMAIN_RECEPTORS,3.14010185
white,GOBP_POSITIVE_REGULATION_OF_REPRODUCTIVE_PROCESS,3.14010185
white,GOBP_RESPONSE_TO_DSRNA,3.13736585
orange,GOBP_MHC_CLASS_II_BIOSYNTHETIC_PROCESS,3.12259156
red,GOBP_REPLICATION_FORK_PROCESSING,3.12106078
black,GOBP_RESPONSE_TO_LAMINAR_FLUID_SHEAR_STRESS,3.1012761
white,GOBP_DICARBOXYLIC_ACID_BIOSYNTHETIC_PROCESS,3.1012761
white,GOBP_ORGANELLE_FUSION,3.09599778
white,GOBP_PLASMA_MEMBRANE_ORGANIZATION,3.09427631
green,GOBP_NEGATIVE_REGULATION_OF_BIOMINERAL_TISSUE_DEVELOPMENT,3.09398821
orange,GOBP_MYELOID_DENDRITIC_CELL_ACTIVATION,3.09398821
yellow,GOBP_EXIT_FROM_MITOSIS,3.09398821
white,GOBP_RESPONSE_TO_INCREASED_OXYGEN_LEVELS,3.09330952
white,GOBP_FATTY_ACID_METABOLIC_PROCESS,3.07904679
white,GOBP_ETHANOLAMINE_CONTAINING_COMPOUND_METABOLIC_PROCESS,3.06985228
blue,GOBP_CELL_CELL_SIGNALING_BY_WNT,3.06952722
yellow,GOBP_POSITIVE_REGULATION_OF_DOUBLE_STRAND_BREAK_REPAIR,3.06147099
orange,GOBP_MITOTIC_CYTOKINESIS,3.06040031
white,GOBP_REGULATION_OF_UBIQUITIN_PROTEIN_TRANSFERASE_ACTIVITY,3.03624513
orange,GOBP_MACROPHAGE_ACTIVATION,3.02707508
gray,GOBP_COLLAGEN_FIBRIL_ORGANIZATION,3.011426993